sync_id,batch_id,entity_type,entity_id,tenant_id,box_id,operation,status,attempt_number,retry_count,queue_status,created_at,queued_at,sync_started_at,sync_finished_at,sync_duration_ms,payload_size_bytes,cpu_usage_pct,memory_usage_mb,throughput_rps,records_sent,records_accepted,records_failed,duplicates,http_status,response_message,error_message,network_mode,connectivity_status,device_id,worker_name,experiment_id,dataset_name,mqtt_latency_ms,websocket_latency_ms,synchronization_source,created_by
8bb21ed2-3766-403e-9a69-b0acbfeef3df,,,,,,,,,,,2026-10-01T02:18:04.567Z,,,,178,65621,0,1.477119446,561.7977528,100,50,50,0,,,,,,,,,,,,,
e0641501-92b3-4907-a743-1d56d2841536,,,,,,,,,,,2026-10-01T02:18:34.482Z,,,,50,65638,0,3.212203979,2000,100,50,50,0,,,,,,,,,,,,,
6cc72049-9d3f-47be-94bc-a90b0cb66938,,,,,,,,,,,2026-10-01T02:19:04.488Z,,,,46,65639,0,1.854621887,2173.913043,100,50,50,0,,,,,,,,,,,,,
4c1703a9-4aaf-4bbb-92ba-ac3556678382,,,,,,,,,,,2026-10-01T02:19:34.510Z,,,,52,65626,0,0.249961853,1923.076923,100,50,50,0,,,,,,,,,,,,,
b629508c-673a-43b5-a2ef-e7c47fc15213,,,,,,,,,,,2026-10-01T02:20:04.502Z,,,,40,65648,0,0.224075317,2500,100,50,50,0,,,,,,,,,,,,,
a73b71d7-db87-4272-836b-0f4408142606,,,,,,,,,,,2026-10-01T02:20:34.520Z,,,,52,65646,0,1.669433594,1923.076923,100,50,50,0,,,,,,,,,,,,,
d2cf9daf-94ac-478a-abbb-956300d6b019,,,,,,,,,,,2026-10-01T02:21:00.426Z,,,,37,65588,0,1.658561707,2702.702703,100,50,50,0,,,,,,,,,,,,,
3f730da7-7de4-46e9-b9cc-a1ca484a024c,,,,,,,,,,,2026-10-01T02:21:04.477Z,,,,40,65632,0,8.772293091,2500,100,50,50,0,,,,,,,,,,,,,
5ed4f76d-c510-4fca-91e2-af59220e377a,,,,,,,,,,,2026-10-01T02:21:33.602Z,,,,46,65617,0,1.620643616,2173.913043,100,50,50,0,,,,,,,,,,,,,
bd73c635-f075-48ad-9b60-28dd21235fad,,,,,,,,,,,2026-10-01T02:21:34.503Z,,,,48,65647,0,1.143875122,2083.333333,100,50,50,0,,,,,,,,,,,,,
865350a9-a765-4950-b0e0-117c8ffd9202,,,,,,,,,,,2026-10-01T02:22:04.558Z,,,,64,65596,0,1.562896729,1562.5,100,50,50,0,,,,,,,,,,,,,
8777dd41-055e-42e4-864b-f361829a68ae,,,,,,,,,,,2026-10-01T02:22:08.094Z,,,,40,65618,0,0.585968018,2500,100,50,50,0,,,,,,,,,,,,,
7296cd65-776a-4f64-ad42-f3b28e1b7bf8,,,,,,,,,,,2026-10-01T02:22:34.549Z,,,,49,65556,0,0.443489075,2040.816327,100,50,50,0,,,,,,,,,,,,,
14d8338d-5813-47a9-9088-f6678bc39049,,,,,,,,,,,2026-10-01T02:23:04.583Z,,,,64,65615,0,0.283416748,1562.5,100,50,50,0,,,,,,,,,,,,,
785903d5-4293-4064-91a4-ed45359d7a07,,,,,,,,,,,2026-10-01T02:23:34.567Z,,,,45,65628,0,0.285682678,2222.222222,100,50,50,0,,,,,,,,,,,,,
7d54e970-6a98-4aaf-a86e-8fa2382511d5,,,,,,,,,,,2026-10-01T02:24:04.653Z,,,,73,65621,0,0.752235413,1369.863014,100,50,50,0,,,,,,,,,,,,,
df6e2675-0cf7-48df-a5d0-04d7a63a8fef,,,,,,,,,,,2026-10-01T02:24:34.579Z,,,,41,65662,0,0.591949463,2439.02439,100,50,50,0,,,,,,,,,,,,,
99a087dc-3470-4ce8-b316-c69d4bb0a34b,,,,,,,,,,,2026-10-01T02:25:04.596Z,,,,47,65614,0,0.179779053,2127.659574,100,50,50,0,,,,,,,,,,,,,
6eed5c12-b80a-4ce8-ac03-f9a68179b58f,,,,,,,,,,,2026-10-01T02:25:34.604Z,,,,44,65658,0,0.262954712,2272.727273,100,50,50,0,,,,,,,,,,,,,
22cd08ae-be27-44cd-a48a-15d7f65dc7ec,,,,,,,,,,,2026-10-01T02:26:04.628Z,,,,53,65627,0,0.747817993,1886.792453,100,50,50,0,,,,,,,,,,,,,
5e8c937f-5d01-45c1-ac2f-7746e858bf4a,,,,,,,,,,,2026-10-01T02:26:34.644Z,,,,53,56531,0,0.028755188,1886.792453,100,100,0,0,,,,,,,,,,,,,
4ea6546d-c106-442b-aa0f-76583305cfbe,,,,,,,,,,,2026-10-01T02:27:04.662Z,,,,67,56394,0,0.492103577,1492.537313,100,100,0,0,,,,,,,,,,,,,
19b2b173-7714-476b-a485-b7bc76ce1f7e,,,,,,,,,,,2026-10-01T02:27:34.709Z,,,,97,56414,0,0.001716614,1030.927835,100,100,0,0,,,,,,,,,,,,,
4f45246d-5d1d-457b-8971-ffc007aee4d5,,,,,,,,,,,2026-10-01T02:28:04.679Z,,,,67,56401,0,0.492111206,1492.537313,100,100,0,0,,,,,,,,,,,,,
89e77332-1540-41d6-b878-18c8e29eecb5,,,,,,,,,,,2026-10-01T02:28:34.721Z,,,,83,56410,0,0.509925842,1204.819277,100,100,0,0,,,,,,,,,,,,,
b6e1080c-d6cc-45ac-b141-edee9c273f9e,,,,,,,,,,,2026-10-01T02:29:04.892Z,,,,81,56380,0,0.013725281,1234.567901,100,100,0,0,,,,,,,,,,,,,
bb0a7bdc-782b-414c-a9ab-6f2044d20d12,,,,,,,,,,,2026-10-01T02:29:34.782Z,,,,75,56419,0,0.450370789,1333.333333,100,100,0,0,,,,,,,,,,,,,
12fe8367-d307-4d73-bddf-1ff5f81a5e2a,,,,,,,,,,,2026-10-01T02:30:04.792Z,,,,73,56407,0,0.436325073,1369.863014,100,100,0,0,,,,,,,,,,,,,
7e6ad59a-42b9-4f11-bf01-d010f58b7b23,,,,,,,,,,,2026-10-01T02:30:34.824Z,,,,89,56394,0,6.608543396,1123.595506,100,100,0,0,,,,,,,,,,,,,
a11016b1-1f41-47c7-930f-e4e93e960ecc,,,,,,,,,,,2026-10-01T02:31:04.811Z,,,,76,56419,0,0.00705719,1315.789474,100,100,0,0,,,,,,,,,,,,,
54901da5-674c-4b27-9238-8918de3d76b1,,,,,,,,,,,2026-10-01T02:31:34.829Z,,,,93,65454,0,0.786575317,1075.268817,100,51,49,0,,,,,,,,,,,,,
16825fee-3cf6-4015-bcef-d5c31f86483a,,,,,,,,,,,2026-10-01T02:32:04.844Z,,,,88,65658,0,0.77381897,1136.363636,100,50,50,0,,,,,,,,,,,,,
982da4a3-d730-42fb-adcd-be13a31455ab,,,,,,,,,,,2026-10-01T02:32:34.836Z,,,,80,65603,0,0.184356689,1250,100,50,50,0,,,,,,,,,,,,,
00b43b2e-58d6-40cf-ad0a-ff9d01ea0fda,,,,,,,,,,,2026-10-01T02:33:04.857Z,,,,104,65654,0,0.769538879,961.5384615,100,50,50,0,,,,,,,,,,,,,
77fa8444-4b48-4a6e-8db9-1cb2df8b299b,,,,,,,,,,,2026-10-01T02:33:34.853Z,,,,88,65601,0,0.289878845,1136.363636,100,50,50,0,,,,,,,,,,,,,
4d94aa51-71ff-4b13-8336-e5889fb0de8b,,,,,,,,,,,2026-10-01T02:34:04.874Z,,,,81,65640,0,1.107658386,1234.567901,100,50,50,0,,,,,,,,,,,,,
a7f82d59-7734-4573-88d1-a429f91d5612,,,,,,,,,,,2026-10-01T02:34:34.893Z,,,,103,65617,0,0.746307373,970.8737864,100,50,50,0,,,,,,,,,,,,,
ef773dec-3364-4360-abbf-fd2ae1e40797,,,,,,,,,,,2026-10-01T02:35:04.890Z,,,,88,65640,0,0.301856995,1136.363636,100,50,50,0,,,,,,,,,,,,,
670238eb-28a3-4111-9ddb-eaf908b30ed0,,,,,,,,,,,2026-10-01T02:35:34.821Z,,,,83,65621,0,0.286582947,1204.819277,100,50,50,0,,,,,,,,,,,,,
3cc9c23b-0034-41f2-8ae1-a5a41b93f88c,,,,,,,,,,,2026-10-01T02:36:04.845Z,,,,94,65614,0,0.610931396,1063.829787,100,50,50,0,,,,,,,,,,,,,
62634dce-2b2f-4ee2-b363-019a92163882,,,,,,,,,,,2026-10-01T02:36:34.845Z,,,,90,65619,0,0.168815613,1111.111111,100,50,50,0,,,,,,,,,,,,,
3854b04f-845c-474c-a3dd-dfdef1f0fec6,,,,,,,,,,,2026-10-01T02:37:04.900Z,,,,82,65605,0,0.746505737,1219.512195,100,50,50,0,,,,,,,,,,,,,
778e1d87-3da9-4026-aa65-944d98cb6a8e,,,,,,,,,,,2026-10-01T02:37:34.918Z,,,,73,65608,0,0.698181152,1369.863014,100,50,50,0,,,,,,,,,,,,,
dc27ec45-7501-425b-8ee3-490c7023f125,,,,,,,,,,,2026-10-01T02:38:04.945Z,,,,102,65611,0,1.213790894,980.3921569,100,50,50,0,,,,,,,,,,,,,
1829a8f1-6904-47c1-b3ca-d02983a33299,,,,,,,,,,,2026-10-01T02:38:34.937Z,,,,80,65628,0,1.181365967,1250,100,50,50,0,,,,,,,,,,,,,
659d763a-7ebd-4926-8a0d-3286ae171b06,,,,,,,,,,,2026-10-01T02:39:04.962Z,,,,85,65604,0,0.722999573,1176.470588,100,50,50,0,,,,,,,,,,,,,
ede6f336-089e-4c8c-a3cd-caa701798fcf,,,,,,,,,,,2026-10-01T02:39:34.968Z,,,,97,65613,0,6.862380981,1030.927835,100,50,50,0,,,,,,,,,,,,,
696f278e-8d7e-4a0b-a519-527011777295,,,,,,,,,,,2026-10-01T02:40:04.969Z,,,,92,65627,0,0.312850952,1086.956522,100,50,50,0,,,,,,,,,,,,,
82464ebe-4807-415e-8b67-2664614bf44c,,,,,,,,,,,2026-10-01T02:40:34.973Z,,,,92,65608,0,0.623901367,1086.956522,100,50,50,0,,,,,,,,,,,,,
5389bb48-911e-4c3f-8289-c5e3b050882f,,,,,,,,,,,2026-10-01T02:41:04.973Z,,,,84,65665,0,0.066207886,1190.47619,100,50,50,0,,,,,,,,,,,,,
72867677-7315-41e2-a033-e945e51fa3bc,,,,,,,,,,,2026-10-01T02:41:34.962Z,,,,68,56599,0,0.94355011,1470.588235,100,99,1,0,,,,,,,,,,,,,
d44b1976-1c1f-4467-b645-1af7b8acd626,,,,,,,,,,,2026-10-01T02:42:04.954Z,,,,65,56405,0,0.904632568,1538.461538,100,100,0,0,,,,,,,,,,,,,
251a40e5-a559-46e8-9ed3-1cb5c6a41bce,,,,,,,,,,,2026-10-01T02:42:34.964Z,,,,69,56414,0,0.886108398,1449.275362,100,100,0,0,,,,,,,,,,,,,
8f941e72-1d9a-45ca-96b8-2e8f3cb0c2ec,,,,,,,,,,,2026-10-01T02:43:04.999Z,,,,77,56419,0,0.170089722,1298.701299,100,100,0,0,,,,,,,,,,,,,
a40013ac-1794-4e51-bcac-21c4a05268f3,,,,,,,,,,,2026-10-01T02:43:34.991Z,,,,62,56417,0,0.203636169,1612.903226,100,100,0,0,,,,,,,,,,,,,
77b564ff-5d5e-47eb-9918-d03ca6357ff6,,,,,,,,,,,2026-10-01T02:44:05.028Z,,,,71,56397,0,0.213508606,1408.450704,100,100,0,0,,,,,,,,,,,,,
5a83f02e-9e70-4f35-a055-b537499be136,,,,,,,,,,,2026-10-01T02:44:35.025Z,,,,79,56413,0,0.405006409,1265.822785,100,100,0,0,,,,,,,,,,,,,
7b4d6f55-147a-460f-b03e-2b8713dc12ad,,,,,,,,,,,2026-10-01T02:45:05.149Z,,,,77,56404,0,6.918617249,1298.701299,100,100,0,0,,,,,,,,,,,,,
60dc6e47-0bdc-4c58-bfb5-5d2f5b23afb0,,,,,,,,,,,2026-10-01T02:45:35.014Z,,,,61,56403,0,0.900337219,1639.344262,100,100,0,0,,,,,,,,,,,,,
d1573aba-f0aa-4778-adbf-e727583e5eee,,,,,,,,,,,2026-10-01T02:46:05.034Z,,,,79,56429,0,0.878425598,1265.822785,100,100,0,0,,,,,,,,,,,,,
4e1f4cf8-dcc6-44ac-b17a-d718df6dc00b,,,,,,,,,,,2026-10-01T02:46:35.068Z,,,,86,65468,0,1.128646851,1162.790698,100,51,49,0,,,,,,,,,,,,,
2b8306c7-010e-4723-914e-73c5c231a850,,,,,,,,,,,2026-10-01T02:47:05.075Z,,,,101,65629,0,1.087120056,990.0990099,100,50,50,0,,,,,,,,,,,,,
57fcc9c9-a4b4-4476-b04c-fb59dd665138,,,,,,,,,,,2026-10-01T02:47:35.073Z,,,,84,65650,0,1.083122253,1190.47619,100,50,50,0,,,,,,,,,,,,,
167f2601-138f-42f9-8d0b-882447e58243,,,,,,,,,,,2026-10-01T02:48:05.046Z,,,,73,65677,0,1.063949585,1369.863014,100,50,50,0,,,,,,,,,,,,,
70291378-aa4e-4de0-b85f-69c53e8989b1,,,,,,,,,,,2026-10-01T02:48:35.084Z,,,,84,65638,0,1.054740906,1190.47619,100,50,50,0,,,,,,,,,,,,,
481b9a66-50f8-4157-905a-db2110842408,,,,,,,,,,,2026-10-01T02:49:05.094Z,,,,80,65623,0,1.034957886,1250,100,50,50,0,,,,,,,,,,,,,
df4eb4c2-ded2-4808-bce7-af5092e18949,,,,,,,,,,,2026-10-01T02:49:35.124Z,,,,90,65277,0,1.057266235,1111.111111,100,52,48,0,,,,,,,,,,,,,
e0f5572f-e236-4597-b8dd-02bc434d574f,,,,,,,,,,,2026-10-01T02:50:05.101Z,,,,81,60547,0,7.130737305,1234.567901,100,78,22,0,,,,,,,,,,,,,
b44b9c66-8448-445d-9af5-070878fdf7e3,,,,,,,,,,,2026-10-01T02:50:35.095Z,,,,73,63536,0,0.618118286,1369.863014,100,61,39,0,,,,,,,,,,,,,
33e67f1b-9f02-44b9-97ee-a84a3e466256,,,,,,,,,,,2026-10-01T02:51:05.134Z,,,,84,65599,0,0.591651917,1190.47619,100,50,50,0,,,,,,,,,,,,,
246897cd-6401-485f-b4f0-3dc5d0da07f1,,,,,,,,,,,2026-10-01T02:51:35.021Z,,,,40,57501,0,0.040763855,2500,100,94,6,0,,,,,,,,,,,,,
f9bbb2ca-5b24-4b7e-b75f-d298c6bf0503,,,,,,,,,,,2026-10-01T02:52:05.100Z,,,,90,58098,0,0.399414063,1111.111111,100,91,9,0,,,,,,,,,,,,,
9fefe7ea-5f84-4a6e-9ab4-23bf5f103365,,,,,,,,,,,2026-10-01T02:52:35.119Z,,,,118,64912,0,0.276679993,847.4576271,100,54,46,0,,,,,,,,,,,,,
b5cc0810-3ddf-42c4-b23d-0d682e3a8db6,,,,,,,,,,,2026-10-01T02:53:05.144Z,,,,103,61037,0,0.524284363,970.8737864,100,75,25,0,,,,,,,,,,,,,
f642c32c-aaee-4592-9b43-8bcc80b27fea,,,,,,,,,,,2026-10-01T02:53:35.046Z,,,,36,63300,0,0.53477478,2777.777778,100,63,37,0,,,,,,,,,,,,,
d3b4ce05-0607-44b4-92e2-d92c2334a50b,,,,,,,,,,,2026-10-01T02:54:05.130Z,,,,100,63710,0,0.202362061,1000,100,60,40,0,,,,,,,,,,,,,
4dbd610d-3f52-45ff-a593-b3a43dd1482b,,,,,,,,,,,2026-10-01T02:54:35.121Z,,,,94,65625,0,0.615341187,1063.829787,100,50,50,0,,,,,,,,,,,,,
4e33e7ad-ae35-4e2e-8199-7cf2c5484182,,,,,,,,,,,2026-10-01T02:55:05.132Z,,,,103,65626,0,6.809768677,970.8737864,100,50,50,0,,,,,,,,,,,,,
92ec278f-7b40-4b8d-85d8-0e6818d5a098,,,,,,,,,,,2026-10-01T02:55:35.174Z,,,,130,65651,0,0.520225525,769.2307692,100,50,50,0,,,,,,,,,,,,,
07fdfaad-6b4e-478b-b3eb-2b0096012a88,,,,,,,,,,,2026-10-01T02:56:05.144Z,,,,86,65591,0,0.302719116,1162.790698,100,50,50,0,,,,,,,,,,,,,
9a116dba-96ad-4fcb-8dc9-3c7ba1e59566,,,,,,,,,,,2026-10-01T02:56:35.145Z,,,,93,65627,0,0.242790222,1075.268817,100,50,50,0,,,,,,,,,,,,,
949e3212-2c1c-4290-bc12-dce97e81442b,,,,,,,,,,,2026-10-01T02:57:05.154Z,,,,95,65600,0,0.978141785,1052.631579,100,50,50,0,,,,,,,,,,,,,
d3ff9bd6-801f-44f4-bc7a-151ee374fbd9,,,,,,,,,,,2026-10-01T02:57:35.252Z,,,,80,65651,0,0.293586731,1250,100,50,50,0,,,,,,,,,,,,,
dafe3f12-7b65-44da-a1e1-114514ce44fa,,,,,,,,,,,2026-10-01T02:58:05.166Z,,,,100,61764,0,0.887817383,1000,100,71,29,0,,,,,,,,,,,,,
4e6ef38b-02d8-4af3-b328-e25dfd6efdb0,,,,,,,,,,,2026-10-01T02:58:35.161Z,,,,81,56404,0,0.012184143,1234.567901,100,100,0,0,,,,,,,,,,,,,
6fc6aeb1-132c-44b0-a8c0-51dde84c8ddf,,,,,,,,,,,2026-10-01T02:59:05.182Z,,,,91,56413,0,0.708518982,1098.901099,100,100,0,0,,,,,,,,,,,,,
030cad37-dff2-485c-a743-99a49f330ead,,,,,,,,,,,2026-10-01T02:59:35.231Z,,,,96,56405,0,0.06137085,1041.666667,100,100,0,0,,,,,,,,,,,,,
b0a9db53-9479-482d-be5a-1fc30b40f372,,,,,,,,,,,2026-10-01T03:00:05.254Z,,,,83,56387,0,0.186965942,1204.819277,100,100,0,0,,,,,,,,,,,,,
b1c8d463-2a69-473d-855e-5668cd73f55a,,,,,,,,,,,2026-10-01T03:00:35.336Z,,,,59,56414,0,0.06211853,1694.915254,100,100,0,0,,,,,,,,,,,,,
4a1c8f04-0d94-499d-a821-bf97b2391f24,,,,,,,,,,,2026-10-01T03:01:05.221Z,,,,66,56414,0,0.735618591,1515.151515,100,100,0,0,,,,,,,,,,,,,
8f639a00-beca-45c4-bf13-6c3303b7efb4,,,,,,,,,,,2026-10-01T03:01:35.245Z,,,,116,65445,0,0.416069031,862.0689655,100,51,49,0,,,,,,,,,,,,,
4da1086a-e2dd-445b-8d1f-e3e67718c22c,,,,,,,,,,,2026-10-01T03:02:05.234Z,,,,111,65623,0,0.929153442,900.9009009,100,50,50,0,,,,,,,,,,,,,
15839339-50f7-4bdd-b0b9-768869775888,,,,,,,,,,,2026-10-01T03:02:35.220Z,,,,101,65611,0,0.30821228,990.0990099,100,50,50,0,,,,,,,,,,,,,
5d4cc089-623b-4d98-8e45-0f39e0a38233,,,,,,,,,,,2026-10-01T03:03:05.343Z,,,,155,65656,0,1.020950317,645.1612903,100,50,50,0,,,,,,,,,,,,,
d514c20d-424c-4e69-8966-bc92ab9557bc,,,,,,,,,,,2026-10-01T03:03:35.361Z,,,,80,65619,0,0.215049744,1250,100,50,50,0,,,,,,,,,,,,,
665c8f7d-d85b-4058-858f-001ade2b847d,,,,,,,,,,,2026-10-01T03:04:05.269Z,,,,82,65605,0,0.20161438,1219.512195,100,50,50,0,,,,,,,,,,,,,
22b89c4b-46a0-4641-a2f7-099ac092b752,,,,,,,,,,,2026-10-01T03:04:35.277Z,,,,83,65588,0,0.172180176,1204.819277,100,50,50,0,,,,,,,,,,,,,
3a111ac3-7815-4fb5-858e-b038a99c2e53,,,,,,,,,,,2026-10-01T03:05:05.230Z,,,,86,65642,0,0.424514771,1162.790698,100,50,50,0,,,,,,,,,,,,,
ca97fa22-2b57-420c-bfd2-7c687bdcd420,,,,,,,,,,,2026-10-01T03:05:35.182Z,,,,39,65668,0,0.989242554,2564.102564,100,50,50,0,,,,,,,,,,,,,
1138b1cf-238e-476d-812d-52a109752d0b,,,,,,,,,,,2026-10-01T03:06:05.238Z,,,,82,65627,0,0.436347961,1219.512195,100,50,50,0,,,,,,,,,,,,,
98c64d83-aec8-4741-b0a7-01a295b3e6f1,,,,,,,,,,,2026-10-01T03:06:35.215Z,,,,69,65652,0,0.243560791,1449.275362,100,50,50,0,,,,,,,,,,,,,
05ab7f68-6f3e-443b-b284-4feaf369fc17,,,,,,,,,,,2026-10-01T03:07:05.267Z,,,,94,65616,0,0.25112915,1063.829787,100,50,50,0,,,,,,,,,,,,,
d6a716ec-0d08-4c53-b6d2-83ab6c9baba3,,,,,,,,,,,2026-10-01T03:07:35.257Z,,,,93,64174,0,0.190132141,1075.268817,100,58,42,0,,,,,,,,,,,,,
899bfafa-7dd9-4a2b-9e4e-008bbff787dc,,,,,,,,,,,2026-10-01T03:08:05.271Z,,,,101,65641,0,1.005577087,990.0990099,100,50,50,0,,,,,,,,,,,,,
535d5717-c39d-4632-80a5-19ba71c555cb,,,,,,,,,,,2026-10-01T03:08:35.288Z,,,,110,61999,0,0.205253601,909.0909091,100,70,30,0,,,,,,,,,,,,,
d254a7bb-525c-4c0c-bcf8-4daba68cdff7,,,,,,,,,,,2026-10-01T03:09:05.262Z,,,,82,62064,0,0.907402039,1219.512195,100,69,31,0,,,,,,,,,,,,,
e98b5c0f-1493-430d-b717-ff3f3134e789,,,,,,,,,,,2026-10-01T03:09:35.267Z,,,,84,62737,0,0.225631714,1190.47619,100,66,34,0,,,,,,,,,,,,,
0f69f693-5799-4c1e-b25d-dc49e9ead2e7,,,,,,,,,,,2026-10-01T03:10:05.275Z,,,,81,65662,0,0.988685608,1234.567901,100,50,50,0,,,,,,,,,,,,,
2b25c415-8c3c-4349-91ab-dd64b242ba12,,,,,,,,,,,2026-10-01T03:10:35.278Z,,,,73,59372,0,0.071411133,1369.863014,100,84,16,0,,,,,,,,,,,,,
845a8075-4976-4116-b709-5f42f1aeb1ab,,,,,,,,,,,2026-10-01T03:11:05.261Z,,,,64,56422,0,0.721672058,1562.5,100,100,0,0,,,,,,,,,,,,,
ec6b76dd-d80b-4c7b-b23b-bfbcc5d96ff5,,,,,,,,,,,2026-10-01T03:11:35.261Z,,,,72,57063,0,0.028388977,1388.888889,100,96,4,0,,,,,,,,,,,,,
c1ccc2f6-415f-4e3b-af3f-76855a531b1f,,,,,,,,,,,2026-10-01T03:12:05.278Z,,,,73,60544,0,0.811065674,1369.863014,100,78,22,0,,,,,,,,,,,,,
6d45b5f2-98f8-439d-a6a4-3d294a9d0088,,,,,,,,,,,2026-10-01T03:12:35.364Z,,,,133,65628,0,1.275810242,751.8796992,100,50,50,0,,,,,,,,,,,,,
ab7808d4-d309-4399-a3f5-6096c3358a38,,,,,,,,,,,2026-10-01T03:13:05.311Z,,,,79,57274,0,0.756072998,1265.822785,100,95,5,0,,,,,,,,,,,,,
5cf06276-5951-4a06-ba8c-624aad58e3d5,,,,,,,,,,,2026-10-01T03:13:35.303Z,,,,57,57512,0,0.033729553,1754.385965,100,94,6,0,,,,,,,,,,,,,
a04bc4e5-34a7-43b3-a596-a2b5cc90d9f1,,,,,,,,,,,2026-10-01T03:14:05.336Z,,,,90,60180,0,0.804779053,1111.111111,100,80,20,0,,,,,,,,,,,,,
10ee8219-8911-47c1-96ba-8fd17e03f3d9,,,,,,,,,,,2026-10-01T03:14:35.350Z,,,,107,63889,0,0.257545471,934.5794393,100,59,41,0,,,,,,,,,,,,,
37299fac-403a-498a-81db-a91b9bdb4add,,,,,,,,,,,2026-10-01T03:15:05.371Z,,,,62,56424,0,0.721046448,1612.903226,100,100,0,0,,,,,,,,,,,,,
9103705f-43dd-4af4-b89e-16151dbc57f6,,,,,,,,,,,2026-10-01T03:15:35.347Z,,,,92,56407,0,0.662979126,1086.956522,100,100,0,0,,,,,,,,,,,,,
dbf6f09c-7670-4102-83eb-a108eb1adb1d,,,,,,,,,,,2026-10-01T03:16:05.343Z,,,,80,56418,0,0.154922485,1250,100,100,0,0,,,,,,,,,,,,,
ca77595c-8d7e-456d-bdd4-af722b99564b,,,,,,,,,,,2026-10-01T03:16:35.386Z,,,,93,65443,0,0.525863647,1075.268817,100,51,49,0,,,,,,,,,,,,,
7098919d-db26-4889-a8a4-68a27543d7c2,,,,,,,,,,,2026-10-01T03:17:05.368Z,,,,92,65659,0,0.304130554,1086.956522,100,50,50,0,,,,,,,,,,,,,
ca22c64a-daf7-43f6-ac55-4e70c92c5b7b,,,,,,,,,,,2026-10-01T03:17:35.351Z,,,,83,65647,0,0.398666382,1204.819277,100,50,50,0,,,,,,,,,,,,,
4b07c50b-9af1-41e2-aa1e-3efea70454ba,,,,,,,,,,,2026-10-01T03:18:05.344Z,,,,77,65633,0,1.001190186,1298.701299,100,50,50,0,,,,,,,,,,,,,
3f60b7b4-be5b-4e38-a0a6-150a786b967a,,,,,,,,,,,2026-10-01T03:18:35.376Z,,,,88,65614,0,0.284896851,1136.363636,100,50,50,0,,,,,,,,,,,,,
b64ce69b-a299-4be4-954f-f0673f02cad4,,,,,,,,,,,2026-10-01T03:19:05.360Z,,,,71,65654,0,1.019760132,1408.450704,100,50,50,0,,,,,,,,,,,,,
015e85df-3faf-4d71-afe4-eec9d0f750e1,,,,,,,,,,,2026-10-01T03:19:35.388Z,,,,94,65592,0,0.301559448,1063.829787,100,50,50,0,,,,,,,,,,,,,
354821a3-5b9c-487c-a61f-9d9fdfe8ec06,,,,,,,,,,,2026-10-01T03:20:05.376Z,,,,94,65623,0,0.934532166,1063.829787,100,50,50,0,,,,,,,,,,,,,
38110fa0-274a-48d0-9f4c-1f45e116ff24,,,,,,,,,,,2026-10-01T03:20:35.358Z,,,,82,59803,0,0.134933472,1219.512195,100,82,18,0,,,,,,,,,,,,,
1ac0afac-a356-4350-a1b2-510e573acf9f,,,,,,,,,,,2026-10-01T03:21:05.377Z,,,,80,62532,0,0.865829468,1250,100,67,33,0,,,,,,,,,,,,,
67a4e211-5635-422f-9b9a-39830ab7947a,,,,,,,,,,,2026-10-01T03:21:35.442Z,,,,78,65641,0,0.28036499,1282.051282,100,50,50,0,,,,,,,,,,,,,
31c9ec98-57d2-496a-8677-979be6b264d1,,,,,,,,,,,2026-10-01T03:22:05.460Z,,,,82,60646,0,0.86933136,1219.512195,100,77,23,0,,,,,,,,,,,,,
940c2be4-e87f-46aa-a8ac-aec19d70ebce,,,,,,,,,,,2026-10-01T03:22:35.431Z,,,,72,59722,0,0.099197388,1388.888889,100,82,18,0,,,,,,,,,,,,,
b66767ff-1c4a-46cd-9a2f-4f42bb8ca38a,,,,,,,,,,,2026-10-01T03:23:05.457Z,,,,85,65601,0,1.006591797,1176.470588,100,50,50,0,,,,,,,,,,,,,
d1c437b1-e3ce-4cb1-a821-933ed229d07d,,,,,,,,,,,2026-10-01T03:23:35.425Z,,,,80,65618,0,0.304397583,1250,100,50,50,0,,,,,,,,,,,,,
6ca4fc87-b543-4830-be4d-e66e3287a9f0,,,,,,,,,,,2026-10-01T03:24:05.430Z,,,,86,64327,0,0.957092285,1162.790698,100,57,43,0,,,,,,,,,,,,,
deeb7e28-e697-4f89-a0d3-e4a4b742becf,,,,,,,,,,,2026-10-01T03:24:35.445Z,,,,81,56901,0,0.039619446,1234.567901,100,97,3,0,,,,,,,,,,,,,
9b20e6ce-7200-42a4-962b-bb5038567901,,,,,,,,,,,2026-10-01T03:25:05.435Z,,,,79,61082,0,0.84009552,1265.822785,100,75,25,0,,,,,,,,,,,,,
6258f3d3-f88d-46f6-99ce-ce3e24a8d8bc,,,,,,,,,,,2026-10-01T03:25:35.432Z,,,,77,60630,0,0.118728638,1298.701299,100,77,23,0,,,,,,,,,,,,,
d4562a4c-7302-40d6-80c9-54ec49f18ae8,,,,,,,,,,,2026-10-01T03:26:05.472Z,,,,90,65222,0,0.906425476,1111.111111,100,52,48,0,,,,,,,,,,,,,
416f04a3-4f02-4a87-9af9-05d492884733,,,,,,,,,,,2026-10-01T03:26:35.523Z,,,,79,65603,0,0.229598999,1265.822785,100,50,50,0,,,,,,,,,,,,,
a014ee65-f4b8-4678-848b-dc18062bbcab,,,,,,,,,,,2026-10-01T03:27:05.525Z,,,,77,65640,0,0.99130249,1298.701299,100,50,50,0,,,,,,,,,,,,,
4702f26f-9500-4b92-9571-debc414701ea,,,,,,,,,,,2026-10-01T03:27:35.540Z,,,,81,65269,0,1.136024475,1234.567901,100,52,48,0,,,,,,,,,,,,,
628890b0-6ac7-46a1-83aa-72ec80cf8f24,,,,,,,,,,,2026-10-01T03:28:05.505Z,,,,87,57877,0,0.227684021,1149.425287,100,92,8,0,,,,,,,,,,,,,
039505b8-9de7-43ea-a549-e4847abe6dc1,,,,,,,,,,,2026-10-01T03:28:35.428Z,,,,36,59144,0,0.271560669,2777.777778,100,85,15,0,,,,,,,,,,,,,
9a80cd00-bb2c-440f-8cfc-d76ffe6ed0e7,,,,,,,,,,,2026-10-01T03:29:05.510Z,,,,105,58820,0,6.706642151,952.3809524,100,87,13,0,,,,,,,,,,,,,
93102104-39d4-4bbd-806d-51812debd9ab,,,,,,,,,,,2026-10-01T03:29:35.514Z,,,,97,60824,0,0.148620605,1030.927835,100,76,24,0,,,,,,,,,,,,,
8191ce70-7ef0-4400-9763-02cd37ac7032,,,,,,,,,,,2026-10-01T03:30:05.508Z,,,,98,58067,0,0.240234375,1020.408163,100,91,9,0,,,,,,,,,,,,,
49454898-663f-4022-bf51-ada02c546fb5,,,,,,,,,,,2026-10-01T03:32:05.511Z,,,,75,56427,0,0.731964111,1333.333333,100,100,0,0,,,,,,,,,,,,,
9a0e291b-6b10-4803-bbe1-54b5ac13bd64,,,,,,,,,,,2026-10-01T03:32:35.542Z,,,,78,56411,0,0.067825317,1282.051282,100,100,0,0,,,,,,,,,,,,,
baabbd49-1f24-4737-8e7f-d43d8bf0e353,,,,,,,,,,,2026-10-01T03:33:05.468Z,,,,7,1127,0,0.036392212,285.7142857,2,2,0,0,,,,,,,,,,,,,
