run_id,scenario,strategy,outage_s,seed,seed_offset_ms,rows_sent,rows_synced,rows_rejected,rows_pending,rows_duplicate,rejected_fk,rejected_unknown_entity,rejected_invalid_payload,rejected_timeout,rejected_other,recovery_rate_pct,sync_delay_s,pending_mid_outage,batch_sync_duration_median_ms,batch_sync_duration_p95_ms,ram_peak_mb,cloud_count,edge_unsynced_count,start_ts,end_ts,git_commit,is_warmup
1791221929696_562,Warmup,C,0,42,3000,8422,8419,0,3,0,268,0,0,1,0,99.96,600.00,0,28.55,50.10,24.54,8459,3,2026-10-05T17:38:53.238Z,2026-10-05T17:49:00.116Z,9ded017,true
1791222542558_38,S0,C,0,50,4000,8327,8229,0,98,0,571,0,0,1,0,98.82,600.00,0,26.83,40.00,30.56,8269,98,2026-10-05T17:49:04.919Z,2026-10-05T17:59:12.501Z,9ded017,false
1791223154926_720,S1,A,30,46,7000,8420,8420,0,0,0,2803,0,0,0,0,100.00,580.94,251,30.66,44.00,24.93,8461,0,2026-10-05T17:59:17.459Z,2026-10-05T18:09:38.446Z,9ded017,false
1791223780850_601,S2,C,60,43,4000,8404,8389,0,15,0,306,0,0,1,0,99.82,600.00,450,26.35,39.00,26.27,8433,15,2026-10-05T18:09:43.203Z,2026-10-05T18:20:50.296Z,9ded017,false
1791224452744_164,S1,B,30,46,7000,8326,8233,0,93,0,3083,0,0,1,0,98.88,600.00,251,31.46,49.00,31.23,8275,93,2026-10-05T18:20:55.133Z,2026-10-05T18:31:35.196Z,9ded017,false
1791225097757_384,S1,C,30,50,4000,8417,8417,0,0,0,334,0,0,0,0,100.00,580.96,218,25.78,38.00,27.51,8458,0,2026-10-05T18:31:40.120Z,2026-10-05T18:41:58.138Z,9ded017,false
1791225720586_361,S3,C,120,49,3000,8324,8231,0,93,0,736,0,0,1,0,98.88,600.00,909,28.04,45.65,25.37,8271,93,2026-10-05T18:42:02.953Z,2026-10-05T18:54:09.147Z,9ded017,false
1791226451639_208,S1,B,30,47,8000,8326,8233,0,93,0,3200,0,0,1,0,98.88,600.00,264,31.57,45.00,24.57,8275,93,2026-10-05T18:54:13.991Z,2026-10-05T19:04:55.193Z,9ded017,false
1791227097687_902,S1,B,30,43,4000,8423,8423,0,0,0,2822,0,0,0,0,100.00,584.01,260,31.33,47.40,26.19,8462,0,2026-10-05T19:05:00.057Z,2026-10-05T19:15:21.088Z,9ded017,false
1791227723552_389,S1,A,30,44,5000,8283,8145,0,138,0,3375,0,0,1,0,98.33,600.00,274,29.85,46.00,29.09,8185,138,2026-10-05T19:15:25.925Z,2026-10-05T19:26:04.904Z,9ded017,false
1791228367367_893,S0,C,0,42,3000,8416,8412,0,4,0,258,0,0,1,0,99.95,600.00,0,25.18,35.10,25.32,8452,4,2026-10-05T19:26:09.754Z,2026-10-05T19:36:16.990Z,9ded017,false
1791228979473_360,S4,A,0,43,4000,8321,7374,0,947,6750,3255,0,0,1,0,88.62,600.00,0,38.79,50.00,29.52,8144,947,2026-10-05T19:36:21.851Z,2026-10-05T19:46:29.568Z,9ded017,false
1791229591967_805,S1,A,30,43,4000,8419,8419,0,0,0,2821,0,0,0,0,100.00,584.05,263,29.33,42.80,27.04,8458,0,2026-10-05T19:46:34.370Z,2026-10-05T19:56:55.454Z,9ded017,false
1791230217940_136,S4,C,0,42,3000,8410,7838,0,572,0,180,0,0,1,0,93.20,600.00,0,33.20,47.00,26.67,8445,572,2026-10-05T19:57:00.303Z,2026-10-05T20:07:07.333Z,9ded017,false
1791230829752_186,S3,C,120,47,8000,8421,8421,0,0,0,206,0,0,0,0,100.00,487.30,887,28.57,43.00,32.27,8462,0,2026-10-05T20:07:12.117Z,2026-10-05T20:17:30.446Z,9ded017,false
1791231452857_491,S3,C,120,42,3000,8409,8409,0,0,0,171,0,0,0,0,100.00,492.51,911,27.38,44.00,28.86,8442,0,2026-10-05T20:17:35.227Z,2026-10-05T20:27:53.775Z,9ded017,false
1791232076234_658,S3,C,120,51,5000,8426,8426,0,0,0,184,0,0,0,0,100.00,490.29,929,28.84,46.00,25.06,8459,0,2026-10-05T20:27:58.590Z,2026-10-05T20:38:16.930Z,9ded017,false
1791232699328_6,S4,B,0,45,6000,8309,6729,0,1580,0,3232,0,0,1,0,80.98,600.00,0,40.06,54.00,30.44,8026,1580,2026-10-05T20:38:21.702Z,2026-10-05T20:48:31.544Z,9ded017,false
1791233313960_52,S0,C,0,44,5000,8298,8173,0,125,0,1150,0,0,1,0,98.49,600.00,0,27.43,42.00,24.86,8213,125,2026-10-05T20:48:36.314Z,2026-10-05T20:58:44.358Z,9ded017,false
1791233926906_411,S2,C,60,48,9000,8320,8226,0,94,0,706,0,0,1,0,98.87,600.00,536,28.21,49.00,31.79,8265,94,2026-10-05T20:58:49.253Z,2026-10-05T21:10:01.768Z,9ded017,false
1791234604200_499,S0,C,0,43,4000,8414,8409,0,5,0,332,0,0,1,0,99.94,600.00,0,25.80,38.00,25.66,8448,5,2026-10-05T21:10:06.555Z,2026-10-05T21:20:14.493Z,9ded017,false
1791235216934_844,S0,C,0,47,8000,8154,7887,0,267,0,1897,0,0,1,0,96.73,600.00,0,28.69,41.00,29.21,7923,267,2026-10-05T21:20:19.307Z,2026-10-05T21:30:30.985Z,9ded017,false
1791235833410_889,S2,A,60,44,5000,8422,8422,0,0,0,2805,0,0,0,0,100.00,552.79,468,29.90,47.90,29.62,8463,0,2026-10-05T21:30:35.768Z,2026-10-05T21:40:56.602Z,9ded017,false
1791236459095_400,S0,C,0,45,6000,8052,7676,0,376,0,2285,0,0,1,0,95.33,600.00,0,28.89,41.10,25.59,7715,376,2026-10-05T21:41:01.461Z,2026-10-05T21:51:10.741Z,9ded017,false
1791237073248_401,S2,C,60,49,3000,8422,8422,0,0,0,206,0,0,0,0,100.00,551.91,460,26.33,41.00,28.56,8463,0,2026-10-05T21:51:15.621Z,2026-10-05T22:01:33.549Z,9ded017,false
1791237696040_874,S3,C,120,48,9000,8383,8346,0,37,0,338,0,0,1,0,99.56,600.00,919,28.27,44.15,31.17,8385,37,2026-10-05T22:01:38.398Z,2026-10-05T22:13:50.777Z,9ded017,false
1791238433217_418,S2,A,60,48,9000,8392,8376,0,16,0,2881,0,0,1,0,99.81,600.00,494,30.76,49.95,31.20,8420,16,2026-10-05T22:13:55.572Z,2026-10-05T22:25:07.974Z,9ded017,false
1791239110453_403,S4,C,0,43,4000,8380,7772,0,608,0,377,0,0,1,0,92.74,600.00,0,32.81,46.00,27.88,8386,608,2026-10-05T22:25:12.815Z,2026-10-05T22:35:20.037Z,9ded017,false
1791239722469_84,S2,A,60,47,8000,8414,8406,0,8,0,2846,0,0,1,0,99.90,600.00,483,33.40,51.00,24.76,8450,8,2026-10-05T22:35:24.850Z,2026-10-05T22:46:36.179Z,9ded017,false
1791240398796_186,S2,B,60,44,5000,8422,8422,0,0,0,2805,0,0,0,0,100.00,552.75,465,33.44,50.00,24.78,8463,0,2026-10-05T22:46:41.157Z,2026-10-05T22:57:01.962Z,9ded017,false
1791241024437_127,S3,C,120,44,5000,8318,8224,0,94,0,884,0,0,1,0,98.87,600.00,887,28.69,46.00,27.89,8272,94,2026-10-05T22:57:06.823Z,2026-10-05T23:09:15.167Z,9ded017,false
1791241757603_544,S1,B,30,49,3000,8413,8413,0,0,0,2802,0,0,0,0,100.00,588.22,252,33.17,52.20,26.44,8454,0,2026-10-05T23:09:19.966Z,2026-10-05T23:19:44.222Z,9ded017,false
1791242386694_735,S0,C,0,49,3000,8212,7998,0,214,0,1313,0,0,1,0,97.39,600.00,0,27.41,39.00,30.88,8038,214,2026-10-05T23:19:49.045Z,2026-10-05T23:29:55.993Z,9ded017,false
1791242998400_535,S2,B,60,49,3000,8210,8004,0,206,0,3627,0,0,1,0,97.49,600.00,465,34.16,50.95,25.91,8048,206,2026-10-05T23:30:00.761Z,2026-10-05T23:41:07.005Z,9ded017,false
1791243669506_638,S2,C,60,50,4000,8413,8413,0,0,0,216,0,0,0,0,100.00,550.77,440,26.36,40.00,29.56,8454,0,2026-10-05T23:41:11.867Z,2026-10-05T23:51:29.658Z,9ded017,false
1791244292058_31,S2,B,60,47,8000,8316,8222,0,94,0,3177,0,0,1,0,98.87,600.00,483,35.31,52.00,25.42,8266,94,2026-10-05T23:51:34.439Z,2026-10-06T00:02:45.642Z,9ded017,false
1791244968220_129,S4,B,0,44,5000,8314,6951,0,1363,0,3272,0,0,1,0,83.61,600.00,0,39.45,52.00,29.82,7986,1363,2026-10-06T00:02:50.582Z,2026-10-06T00:12:58.864Z,9ded017,false
1791245581370_335,S1,C,30,49,3000,8319,8225,0,94,0,1114,0,0,1,0,98.87,600.00,256,27.18,43.35,26.44,8265,94,2026-10-06T00:13:03.719Z,2026-10-06T00:23:39.954Z,9ded017,false
1791246222423_542,S2,B,60,45,6000,8414,8414,0,0,0,2835,0,0,0,0,100.00,552.03,484,33.50,53.90,30.11,8455,0,2026-10-06T00:23:44.779Z,2026-10-06T00:34:05.859Z,9ded017,false
1791246848245_262,S2,B,60,42,3000,8406,8396,0,10,0,2862,0,0,1,0,99.88,600.00,463,33.01,55.40,31.66,8436,10,2026-10-06T00:34:10.592Z,2026-10-06T00:45:16.944Z,9ded017,false
1791247519418_733,S2,C,60,42,3000,8160,7904,0,256,0,2532,0,0,1,0,96.86,600.00,446,30.08,47.60,27.58,7944,256,2026-10-06T00:45:21.780Z,2026-10-06T00:56:28.093Z,9ded017,false
1791248190718_979,S1,A,30,51,5000,7813,7208,0,605,0,4223,0,0,1,0,92.26,600.00,248,28.98,42.95,29.39,7250,605,2026-10-06T00:56:33.081Z,2026-10-06T01:07:12.101Z,9ded017,false
1791248834600_210,S1,A,30,42,3000,7295,6175,0,1120,0,5747,0,0,1,0,84.65,600.00,175,31.60,49.00,27.75,6214,1120,2026-10-06T01:07:16.955Z,2026-10-06T01:17:53.166Z,9ded017,false
1791249475638_684,S4,A,0,45,6000,7336,4686,0,2650,3868,8763,0,0,1,0,63.88,600.00,0,41.22,52.00,30.37,5385,2650,2026-10-06T01:17:58.005Z,2026-10-06T01:28:07.207Z,9ded017,false
1791250089673_112,S1,C,30,51,5000,7390,6341,0,1049,0,7867,0,0,1,0,85.81,600.00,185,38.90,57.00,27.60,6381,1049,2026-10-06T01:28:12.035Z,2026-10-06T01:38:50.326Z,9ded017,false
1791250732769_907,S1,A,30,50,4000,7251,5988,0,1263,0,8602,0,0,1,0,82.58,600.00,202,36.23,49.00,29.37,6028,1263,2026-10-06T01:38:55.161Z,2026-10-06T01:49:32.643Z,9ded017,false
1791251375347_460,S1,A,30,49,3000,7226,6041,0,1185,0,8072,0,0,1,0,83.60,600.00,250,35.52,53.00,25.67,6081,1185,2026-10-06T01:49:37.712Z,2026-10-06T02:00:14.027Z,9ded017,false
1791252016455_626,S2,A,60,46,7000,8319,8225,0,94,0,3642,0,0,1,0,98.87,600.00,448,31.49,47.00,27.13,8269,94,2026-10-06T02:00:18.818Z,2026-10-06T02:11:28.906Z,9ded017,false
1791252691459_223,S1,C,30,46,7000,8222,7948,0,274,0,3980,0,0,1,0,96.67,600.00,191,39.75,74.15,31.62,7988,274,2026-10-06T02:11:33.807Z,2026-10-06T02:22:14.010Z,9ded017,false
1791253336597_883,S1,B,30,45,6000,8119,7827,0,292,0,4673,0,0,1,0,96.40,600.00,215,67.70,101.00,28.64,7867,292,2026-10-06T02:22:19.039Z,2026-10-06T02:32:58.133Z,9ded017,false
1791253980649_639,S1,C,30,42,3000,7712,6936,0,776,0,5834,0,0,1,0,89.94,600.00,255,64.61,97.00,30.14,6976,776,2026-10-06T02:33:03.028Z,2026-10-06T02:43:39.602Z,9ded017,false
1791254622120_102,S2,A,60,42,3000,8191,7970,0,221,0,3986,0,0,1,0,97.30,600.00,362,43.41,91.70,27.31,8010,221,2026-10-06T02:43:44.536Z,2026-10-06T02:54:51.032Z,9ded017,false
1791255293490_725,S1,B,30,48,9000,8410,8410,0,0,0,2802,0,0,0,0,100.00,578.84,276,51.10,84.00,28.53,8451,0,2026-10-06T02:54:55.853Z,2026-10-06T03:05:16.715Z,9ded017,false
1791255919356_680,S1,C,30,48,9000,8422,8422,0,0,0,775,0,0,0,0,100.00,579.27,251,56.85,86.10,29.14,8463,0,2026-10-06T03:05:21.881Z,2026-10-06T03:15:43.215Z,9ded017,false
1791256545934_1,S1,C,30,47,8000,8413,8413,0,0,0,283,0,0,0,0,100.00,580.06,234,54.82,88.00,25.86,8454,0,2026-10-06T03:15:48.400Z,2026-10-06T03:26:09.536Z,9ded017,false
1791257172130_185,S1,C,30,45,6000,8416,8416,0,0,0,353,0,0,0,0,100.00,579.24,247,52.82,76.00,29.00,8457,0,2026-10-06T03:26:14.531Z,2026-10-06T03:36:32.821Z,9ded017,false
1791257795710_663,S1,C,30,44,5000,8410,8410,0,0,0,252,0,0,0,0,100.00,580.06,236,54.09,88.50,25.16,8451,0,2026-10-06T03:36:38.224Z,2026-10-06T03:46:56.345Z,9ded017,false
1791258419206_77,S4,A,0,46,7000,8410,7464,0,946,7804,2825,0,0,1,0,88.75,600.00,0,94.19,136.60,25.97,8381,946,2026-10-06T03:47:01.693Z,2026-10-06T03:57:12.644Z,9ded017,false
1791259035087_873,S1,B,30,51,5000,8413,8413,0,0,0,2802,0,0,0,0,100.00,582.94,249,31.04,47.00,24.33,8454,0,2026-10-06T03:57:17.455Z,2026-10-06T04:07:38.422Z,9ded017,false
1791259660875_461,S2,A,60,51,5000,8413,8413,0,0,0,2802,0,0,0,0,100.00,552.79,468,29.97,49.00,27.09,8454,0,2026-10-06T04:07:43.257Z,2026-10-06T04:18:04.066Z,9ded017,false
1791260286519_75,S2,C,60,44,5000,8408,8400,0,8,0,262,0,0,1,0,99.90,600.00,459,25.25,41.95,26.83,8444,8,2026-10-06T04:18:08.944Z,2026-10-06T04:29:17.470Z,9ded017,false
1791260959930_841,S1,A,30,48,9000,8414,8414,0,0,0,2804,0,0,0,0,100.00,578.82,277,29.19,44.00,29.03,8455,0,2026-10-06T04:29:22.288Z,2026-10-06T04:39:43.142Z,9ded017,false
1791261585578_249,S2,A,60,45,6000,8311,8213,0,98,0,3035,0,0,1,0,98.82,600.00,497,30.46,47.80,28.62,8253,98,2026-10-06T04:39:47.949Z,2026-10-06T04:50:57.358Z,9ded017,false
1791262259795_190,S1,A,30,47,8000,8410,8410,0,0,0,2802,0,0,0,0,100.00,580.13,264,28.91,46.00,31.70,8451,0,2026-10-06T04:51:02.174Z,2026-10-06T05:01:23.333Z,9ded017,false
1791262885791_376,S4,C,0,45,6000,8419,7413,0,1006,0,189,0,0,1,0,88.05,600.00,0,33.09,46.00,30.76,8459,1006,2026-10-06T05:01:28.170Z,2026-10-06T05:11:37.579Z,9ded017,false
1791263500047_873,S2,B,60,46,7000,8419,8419,0,0,0,2805,0,0,0,0,100.00,550.69,468,32.36,48.85,27.16,8460,0,2026-10-06T05:11:42.485Z,2026-10-06T05:22:03.218Z,9ded017,false
1791264125671_168,S2,B,60,43,4000,8219,8026,0,193,0,3397,0,0,1,0,97.65,600.00,478,32.35,49.00,27.73,8066,193,2026-10-06T05:22:08.049Z,2026-10-06T05:33:15.294Z,9ded017,false
1791264797752_76,S4,A,0,42,3000,8301,7250,0,1051,6974,3252,0,0,1,0,87.34,600.00,0,39.97,55.00,35.82,8158,1051,2026-10-06T05:33:20.101Z,2026-10-06T05:43:26.411Z,9ded017,false
1791265408870_740,S2,A,60,50,4000,8311,8206,0,105,0,3155,0,0,1,0,98.74,600.00,453,54.81,91.90,27.44,8250,105,2026-10-06T05:43:31.228Z,2026-10-06T05:54:39.100Z,9ded017,false
1791266081608_251,S3,C,120,45,6000,8331,8237,0,94,0,732,0,0,1,0,98.87,600.00,939,28.05,44.70,26.79,8277,94,2026-10-06T05:54:43.980Z,2026-10-06T06:06:53.165Z,9ded017,false
1791266815701_116,S3,C,120,43,4000,8389,8364,0,25,0,305,0,0,1,0,99.70,600.00,881,27.55,42.00,26.56,8404,25,2026-10-06T06:06:58.052Z,2026-10-06T06:19:05.438Z,9ded017,false
1791267547948_517,S2,C,60,47,8000,8316,8214,0,102,0,838,0,0,1,0,98.77,600.00,465,27.45,48.80,29.66,8258,102,2026-10-06T06:19:10.302Z,2026-10-06T06:30:21.746Z,9ded017,false
1791268224190_626,S4,B,0,42,3000,8411,7464,0,947,0,2786,0,0,1,0,88.74,600.00,0,37.65,50.05,27.53,8337,947,2026-10-06T06:30:26.545Z,2026-10-06T06:40:33.595Z,9ded017,false
1791268836045_312,S1,B,30,50,4000,8419,8419,0,0,0,2804,0,0,0,0,100.00,583.91,234,31.22,48.00,30.32,8460,0,2026-10-06T06:40:38.435Z,2026-10-06T06:50:59.390Z,9ded017,false
1791269461822_858,S4,B,0,43,4000,8422,7368,0,1054,0,2807,0,0,1,0,87.49,600.00,0,39.82,58.95,26.31,8392,1054,2026-10-06T06:51:04.243Z,2026-10-06T07:01:11.657Z,9ded017,false
1791270074159_621,S2,C,60,51,5000,8317,8224,0,93,0,559,0,0,1,0,98.88,600.00,454,24.82,39.50,28.50,8268,93,2026-10-06T07:01:16.529Z,2026-10-06T07:12:24.716Z,9ded017,false
1791270747214_349,S1,B,30,42,3000,8320,8227,0,93,0,3025,0,0,1,0,98.88,600.00,250,31.50,52.45,26.67,8269,93,2026-10-06T07:12:29.577Z,2026-10-06T07:23:05.826Z,9ded017,false
1791271388284_494,S2,C,60,46,7000,8410,8410,0,0,0,244,0,0,0,0,100.00,547.75,439,25.99,39.95,30.85,8451,0,2026-10-06T07:23:10.640Z,2026-10-06T07:33:28.406Z,9ded017,false
1791272010844_997,S2,B,60,50,4000,8187,7960,0,227,0,3483,0,0,1,0,97.23,600.00,452,30.98,47.00,28.33,8004,227,2026-10-06T07:33:33.205Z,2026-10-06T07:44:40.612Z,9ded017,false
1791272683076_23,S1,A,30,45,6000,8329,8235,0,94,0,3121,0,0,1,0,98.87,600.00,267,29.44,42.80,26.49,8277,94,2026-10-06T07:44:45.452Z,2026-10-06T07:55:24.813Z,9ded017,false
1791273327290_573,S4,A,0,44,5000,8075,6943,0,1132,6084,4209,0,0,1,0,85.98,600.00,0,43.71,78.60,25.56,7714,1132,2026-10-06T07:55:29.639Z,2026-10-06T08:05:38.620Z,9ded017,false
1791273941093_687,S2,A,60,43,4000,8314,8220,0,94,0,3117,0,0,1,0,98.87,600.00,453,30.39,44.85,31.86,8264,94,2026-10-06T08:05:43.484Z,2026-10-06T08:16:50.607Z,9ded017,false
1791274613122_438,S0,C,0,46,7000,8323,8227,0,96,0,879,0,0,1,0,98.85,600.00,0,25.72,35.10,30.73,8267,96,2026-10-06T08:16:55.485Z,2026-10-06T08:27:06.237Z,9ded017,false
1791275228675_262,S2,B,60,48,9000,8416,8416,0,0,0,2804,0,0,0,0,100.00,548.54,496,33.65,52.00,28.19,8457,0,2026-10-06T08:27:11.022Z,2026-10-06T08:37:31.587Z,9ded017,false
1791275854046_308,S0,C,0,51,5000,8268,8118,0,150,0,949,0,0,1,0,98.19,600.00,0,26.56,38.00,29.22,8158,150,2026-10-06T08:37:36.404Z,2026-10-06T08:47:45.057Z,9ded017,false
1791276467508_109,S2,C,60,45,6000,8309,8206,0,103,0,807,0,0,1,0,98.76,600.00,470,27.28,42.70,31.35,8250,103,2026-10-06T08:47:49.868Z,2026-10-06T08:58:59.734Z,9ded017,false
1791277142283_498,S1,C,30,43,4000,8411,8411,0,0,0,326,0,0,0,0,100.00,577.51,225,26.52,40.65,27.94,8452,0,2026-10-06T08:59:04.637Z,2026-10-06T09:09:19.178Z,9ded017,false
1791277761654_490,S3,C,120,46,7000,8051,7690,0,361,0,2617,0,0,1,0,95.52,600.00,771,32.05,53.60,29.59,7738,361,2026-10-06T09:09:24.042Z,2026-10-06T09:21:34.346Z,9ded017,false
1791278496872_386,S2,B,60,51,5000,8313,8212,0,101,0,3215,0,0,1,0,98.79,600.00,468,34.01,53.80,29.69,8256,101,2026-10-06T09:21:39.219Z,2026-10-06T09:32:48.197Z,9ded017,false
1791279170677_512,S2,A,60,49,3000,8306,8201,0,105,0,3326,0,0,1,0,98.74,600.00,454,31.53,46.65,28.95,8241,105,2026-10-06T09:32:53.042Z,2026-10-06T09:44:00.004Z,9ded017,false
1791279842622_483,S3,C,120,50,4000,8310,8207,0,103,0,494,0,0,1,0,98.76,600.00,882,27.59,46.10,28.76,8255,103,2026-10-06T09:44:04.969Z,2026-10-06T09:56:12.033Z,9ded017,false
1791280574560_148,S1,B,30,44,5000,8317,8223,0,94,0,3125,0,0,1,0,98.87,600.00,251,42.03,84.00,26.76,8265,94,2026-10-06T09:56:16.929Z,2026-10-06T10:06:55.040Z,9ded017,false
1791281217505_78,S4,C,0,44,5000,8359,7632,0,727,0,647,0,0,1,0,91.30,600.00,0,33.85,48.00,31.11,8333,727,2026-10-06T10:06:59.853Z,2026-10-06T10:17:07.941Z,9ded017,false
1791281830406_159,S4,C,0,46,7000,8392,7676,0,716,0,343,0,0,1,0,91.47,600.00,0,33.01,48.90,30.61,8398,716,2026-10-06T10:17:12.765Z,2026-10-06T10:27:22.896Z,9ded017,false
1791282445353_605,S4,B,0,46,7000,8346,7695,0,651,0,3006,0,0,1,0,92.20,600.00,0,39.63,55.00,29.03,8284,651,2026-10-06T10:27:27.705Z,2026-10-06T10:37:37.822Z,9ded017,false
1791283060289_75,S0,C,0,48,9000,8300,8178,0,122,0,827,0,0,1,0,98.53,600.00,0,37.46,65.95,30.00,8218,122,2026-10-06T10:37:42.647Z,2026-10-06T10:47:55.424Z,9ded017,false
